"ITTER107","Territorio","TIPO_DATO15","Tipo di indicatore demografico","SEXISTAT1","Sesso","ETA1","Età","STATCIV2","Stato civile","TIME","Seleziona periodo","Value","Flag Codes","Flags"
"056059","Viterbo","JAN","popolazione al 1º gennaio","9","totale","TOTAL","totale","99","totale","2024","2024",66188,,
"057059","Rieti","JAN","popolazione al 1º gennaio","9","totale","TOTAL","totale","99","totale","2024","2024",45286,,
"058091","Roma","JAN","popolazione al 1º gennaio","9","totale","TOTAL","totale","99","totale","2024","2024",2751747,,
"059011","Latina","JAN","popolazione al 1º gennaio","9","totale","TOTAL","totale","99","totale","2024","2024",127859,,
"058004","Allumiere","JAN","popolazione al 1º gennaio","9","totale","TOTAL","totale","99","totale","2024","2024",3734,,
"060005","Amaseno","JAN","popolazione al 1º gennaio","9","totale","TOTAL","totale","99","totale","2024","2024",4082,,
"057002","Amatrice","JAN","popolazione al 1º gennaio","9","totale","TOTAL","totale","99","totale","2024","2024",2208,,
"060006","Anagni","JAN","popolazione al 1º gennaio","9","totale","TOTAL","totale","99","totale","2024","2024",20627,,
"058005","Anguillara Sabazia","JAN","popolazione al 1º gennaio","9","totale","TOTAL","totale","99","totale","2024","2024",19062,,
"058007","Anzio","JAN","popolazione al 1º gennaio","9","totale","TOTAL","totale","99","totale","2024","2024",59633,,
"059001","Aprilia","JAN","popolazione al 1º gennaio","9","totale","TOTAL","totale","99","totale","2024","2024",74470,,
"060007","Aquino","JAN","popolazione al 1º gennaio","9","totale","TOTAL","totale","99","totale","2024","2024",4916,,
"060008","Arce","JAN","popolazione al 1º gennaio","9","totale","TOTAL","totale","99","totale","2024","2024",5390,,
"058008","Arcinazzo Romano","JAN","popolazione al 1º gennaio","9","totale","TOTAL","totale","99","totale","2024","2024",1222,,
"058117","Ardea","JAN","popolazione al 1º gennaio","9","totale","TOTAL","totale","99","totale","2024","2024",50292,,
"060038","Frosinone","JAN","popolazione al 1º gennaio","9","totale","TOTAL","totale","99","totale","2024","2024",43305,,
"057001","Accumoli","JAN","popolazione al 1º gennaio","9","totale","TOTAL","totale","99","totale","2024","2024",516,,
"060001","Acquafondata","JAN","popolazione al 1º gennaio","9","totale","TOTAL","totale","99","totale","2024","2024",258,,
"056001","Acquapendente","JAN","popolazione al 1º gennaio","9","totale","TOTAL","totale","99","totale","2024","2024",5273,,
"060002","Acuto","JAN","popolazione al 1º gennaio","9","totale","TOTAL","totale","99","totale","2024","2024",1821,,
"058001","Affile","JAN","popolazione al 1º gennaio","9","totale","TOTAL","totale","99","totale","2024","2024",1404,,
"058002","Agosta","JAN","popolazione al 1º gennaio","9","totale","TOTAL","totale","99","totale","2024","2024",1684,,
"060003","Alatri","JAN","popolazione al 1º gennaio","9","totale","TOTAL","totale","99","totale","2024","2024",27605,,
"058003","Albano Laziale","JAN","popolazione al 1º gennaio","9","totale","TOTAL","totale","99","totale","2024","2024",39773,,
"060004","Alvito","JAN","popolazione al 1º gennaio","9","totale","TOTAL","totale","99","totale","2024","2024",2484,,
"058006","Anticoli Corrado","JAN","popolazione al 1º gennaio","9","totale","TOTAL","totale","99","totale","2024","2024",850,,
"057003","Antrodoco","JAN","popolazione al 1º gennaio","9","totale","TOTAL","totale","99","totale","2024","2024",2292,,
"058009","Ariccia","JAN","popolazione al 1º gennaio","9","totale","TOTAL","totale","99","totale","2024","2024",17971,,
"056002","Arlena di Castro","JAN","popolazione al 1º gennaio","9","totale","TOTAL","totale","99","totale","2024","2024",820,,
"060009","Arnara","JAN","popolazione al 1º gennaio","9","totale","TOTAL","totale","99","totale","2024","2024",2199,,
"060010","Arpino","JAN","popolazione al 1º gennaio","9","totale","TOTAL","totale","99","totale","2024","2024",6614,,
"058010","Arsoli","JAN","popolazione al 1º gennaio","9","totale","TOTAL","totale","99","totale","2024","2024",1361,,
"058011","Artena","JAN","popolazione al 1º gennaio","9","totale","TOTAL","totale","99","totale","2024","2024",13654,,
"057004","Ascrea","JAN","popolazione al 1º gennaio","9","totale","TOTAL","totale","99","totale","2024","2024",208,,
"060011","Atina","JAN","popolazione al 1º gennaio","9","totale","TOTAL","totale","99","totale","2024","2024",4117,,
"060012","Ausonia","JAN","popolazione al 1º gennaio","9","totale","TOTAL","totale","99","totale","2024","2024",2405,,
"056003","Bagnoregio","JAN","popolazione al 1º gennaio","9","totale","TOTAL","totale","99","totale","2024","2024",3327,,
"056004","Barbarano Romano","JAN","popolazione al 1º gennaio","9","totale","TOTAL","totale","99","totale","2024","2024",986,,
"056006","Bassano in Teverina","JAN","popolazione al 1º gennaio","9","totale","TOTAL","totale","99","totale","2024","2024",1286,,
"056005","Bassano Romano","JAN","popolazione al 1º gennaio","9","totale","TOTAL","totale","99","totale","2024","2024",4629,,
"059002","Bassiano","JAN","popolazione al 1º gennaio","9","totale","TOTAL","totale","99","totale","2024","2024",1433,,
"056007","Blera","JAN","popolazione al 1º gennaio","9","totale","TOTAL","totale","99","totale","2024","2024",2892,,
"056008","Bolsena","JAN","popolazione al 1º gennaio","9","totale","TOTAL","totale","99","totale","2024","2024",3671,,
"056009","Bomarzo","JAN","popolazione al 1º gennaio","9","totale","TOTAL","totale","99","totale","2024","2024",1692,,
"057006","Borbona","JAN","popolazione al 1º gennaio","9","totale","TOTAL","totale","99","totale","2024","2024",573,,
"057008","Borgo Velino","JAN","popolazione al 1º gennaio","9","totale","TOTAL","totale","99","totale","2024","2024",913,,
"057007","Borgorose","JAN","popolazione al 1º gennaio","9","totale","TOTAL","totale","99","totale","2024","2024",4198,,
"060014","Boville Ernica","JAN","popolazione al 1º gennaio","9","totale","TOTAL","totale","99","totale","2024","2024",8302,,
"058013","Bracciano","JAN","popolazione al 1º gennaio","9","totale","TOTAL","totale","99","totale","2024","2024",18490,,
"060015","Broccostella","JAN","popolazione al 1º gennaio","9","totale","TOTAL","totale","99","totale","2024","2024",2642,,
"058015","Campagnano di Roma","JAN","popolazione al 1º gennaio","9","totale","TOTAL","totale","99","totale","2024","2024",10935,,
"059003","Campodimele","JAN","popolazione al 1º gennaio","9","totale","TOTAL","totale","99","totale","2024","2024",566,,
"060016","Campoli Appennino","JAN","popolazione al 1º gennaio","9","totale","TOTAL","totale","99","totale","2024","2024",1609,,
"058016","Canale Monterano","JAN","popolazione al 1º gennaio","9","totale","TOTAL","totale","99","totale","2024","2024",4174,,
"056012","Canino","JAN","popolazione al 1º gennaio","9","totale","TOTAL","totale","99","totale","2024","2024",5009,,
"058017","Canterano","JAN","popolazione al 1º gennaio","9","totale","TOTAL","totale","99","totale","2024","2024",364,,
"058018","Capena","JAN","popolazione al 1º gennaio","9","totale","TOTAL","totale","99","totale","2024","2024",10855,,
"056013","Capodimonte","JAN","popolazione al 1º gennaio","9","totale","TOTAL","totale","99","totale","2024","2024",1663,,
"058019","Capranica Prenestina","JAN","popolazione al 1º gennaio","9","totale","TOTAL","totale","99","totale","2024","2024",318,,
"056015","Caprarola","JAN","popolazione al 1º gennaio","9","totale","TOTAL","totale","99","totale","2024","2024",5162,,
"058020","Carpineto Romano","JAN","popolazione al 1º gennaio","9","totale","TOTAL","totale","99","totale","2024","2024",3995,,
"060017","Casalattico","JAN","popolazione al 1º gennaio","9","totale","TOTAL","totale","99","totale","2024","2024",525,,
"059004","Castelforte","JAN","popolazione al 1º gennaio","9","totale","TOTAL","totale","99","totale","2024","2024",4065,,
"058012","Bellegra","JAN","popolazione al 1º gennaio","9","totale","TOTAL","totale","99","totale","2024","2024",2626,,
"060013","Belmonte Castello","JAN","popolazione al 1º gennaio","9","totale","TOTAL","totale","99","totale","2024","2024",676,,
"057005","Belmonte in Sabina","JAN","popolazione al 1º gennaio","9","totale","TOTAL","totale","99","totale","2024","2024",631,,
"056010","Calcata","JAN","popolazione al 1º gennaio","9","totale","TOTAL","totale","99","totale","2024","2024",909,,
"058014","Camerata Nuova","JAN","popolazione al 1º gennaio","9","totale","TOTAL","totale","99","totale","2024","2024",412,,
"056011","Canepina","JAN","popolazione al 1º gennaio","9","totale","TOTAL","totale","99","totale","2024","2024",2915,,
"057009","Cantalice","JAN","popolazione al 1º gennaio","9","totale","TOTAL","totale","99","totale","2024","2024",2439,,
"057010","Cantalupo in Sabina","JAN","popolazione al 1º gennaio","9","totale","TOTAL","totale","99","totale","2024","2024",1663,,
"056014","Capranica","JAN","popolazione al 1º gennaio","9","totale","TOTAL","totale","99","totale","2024","2024",6354,,
"056016","Carbognano","JAN","popolazione al 1º gennaio","9","totale","TOTAL","totale","99","totale","2024","2024",1947,,
"060018","Casalvieri","JAN","popolazione al 1º gennaio","9","totale","TOTAL","totale","99","totale","2024","2024",2422,,
"058021","Casape","JAN","popolazione al 1º gennaio","9","totale","TOTAL","totale","99","totale","2024","2024",608,,
"057011","Casaprota","JAN","popolazione al 1º gennaio","9","totale","TOTAL","totale","99","totale","2024","2024",670,,
"057012","Casperia","JAN","popolazione al 1º gennaio","9","totale","TOTAL","totale","99","totale","2024","2024",1190,,
"060019","Cassino","JAN","popolazione al 1º gennaio","9","totale","TOTAL","totale","99","totale","2024","2024",35091,,
"057013","Castel di Tora","JAN","popolazione al 1º gennaio","9","totale","TOTAL","totale","99","totale","2024","2024",271,,
"058022","Castel Gandolfo","JAN","popolazione al 1º gennaio","9","totale","TOTAL","totale","99","totale","2024","2024",8615,,
"058023","Castel Madama","JAN","popolazione al 1º gennaio","9","totale","TOTAL","totale","99","totale","2024","2024",7026,,
"058025","Castel San Pietro Romano","JAN","popolazione al 1º gennaio","9","totale","TOTAL","totale","99","totale","2024","2024",844,,
"057015","Castel Sant'Angelo","JAN","popolazione al 1º gennaio","9","totale","TOTAL","totale","99","totale","2024","2024",1186,,
"056017","Castel Sant'Elia","JAN","popolazione al 1º gennaio","9","totale","TOTAL","totale","99","totale","2024","2024",2411,,
"060020","Castelliri","JAN","popolazione al 1º gennaio","9","totale","TOTAL","totale","99","totale","2024","2024",3176,,
"058024","Castelnuovo di Porto","JAN","popolazione al 1º gennaio","9","totale","TOTAL","totale","99","totale","2024","2024",8617,,
"060021","Castelnuovo Parano","JAN","popolazione al 1º gennaio","9","totale","TOTAL","totale","99","totale","2024","2024",846,,
"056018","Castiglione in Teverina","JAN","popolazione al 1º gennaio","9","totale","TOTAL","totale","99","totale","2024","2024",2301,,
"060023","Castro dei Volsci","JAN","popolazione al 1º gennaio","9","totale","TOTAL","totale","99","totale","2024","2024",4418,,
"060022","Castrocielo","JAN","popolazione al 1º gennaio","9","totale","TOTAL","totale","99","totale","2024","2024",3784,,
"058026","Cave","JAN","popolazione al 1º gennaio","9","totale","TOTAL","totale","99","totale","2024","2024",10816,,
"060025","Ceprano","JAN","popolazione al 1º gennaio","9","totale","TOTAL","totale","99","totale","2024","2024",8050,,
"058027","Cerreto Laziale","JAN","popolazione al 1º gennaio","9","totale","TOTAL","totale","99","totale","2024","2024",1073,,
"058028","Cervara di Roma","JAN","popolazione al 1º gennaio","9","totale","TOTAL","totale","99","totale","2024","2024",464,,
"060026","Cervaro","JAN","popolazione al 1º gennaio","9","totale","TOTAL","totale","99","totale","2024","2024",7782,,
"058029","Cerveteri","JAN","popolazione al 1º gennaio","9","totale","TOTAL","totale","99","totale","2024","2024",37973,,
"057022","Colli sul Velino","JAN","popolazione al 1º gennaio","9","totale","TOTAL","totale","99","totale","2024","2024",455,,
"058035","Colonna","JAN","popolazione al 1º gennaio","9","totale","TOTAL","totale","99","totale","2024","2024",4223,,
"057023","Concerviano","JAN","popolazione al 1º gennaio","9","totale","TOTAL","totale","99","totale","2024","2024",277,,
"057024","Configni","JAN","popolazione al 1º gennaio","9","totale","TOTAL","totale","99","totale","2024","2024",572,,
"057025","Contigliano","JAN","popolazione al 1º gennaio","9","totale","TOTAL","totale","99","totale","2024","2024",3665,,
"056023","Corchiano","JAN","popolazione al 1º gennaio","9","totale","TOTAL","totale","99","totale","2024","2024",3550,,
"060030","Coreno Ausonio","JAN","popolazione al 1º gennaio","9","totale","TOTAL","totale","99","totale","2024","2024",1514,,
"059006","Cori","JAN","popolazione al 1º gennaio","9","totale","TOTAL","totale","99","totale","2024","2024",10379,,
"057026","Cottanello","JAN","popolazione al 1º gennaio","9","totale","TOTAL","totale","99","totale","2024","2024",530,,
"060031","Esperia","JAN","popolazione al 1º gennaio","9","totale","TOTAL","totale","99","totale","2024","2024",3573,,
"056024","Fabrica di Roma","JAN","popolazione al 1º gennaio","9","totale","TOTAL","totale","99","totale","2024","2024",8217,,
"057028","Fiamignano","JAN","popolazione al 1º gennaio","9","totale","TOTAL","totale","99","totale","2024","2024",1169,,
"058037","Filacciano","JAN","popolazione al 1º gennaio","9","totale","TOTAL","totale","99","totale","2024","2024",453,,
"060034","Filettino","JAN","popolazione al 1º gennaio","9","totale","TOTAL","totale","99","totale","2024","2024",535,,
"057014","Castelnuovo di Farfa","JAN","popolazione al 1º gennaio","9","totale","TOTAL","totale","99","totale","2024","2024",996,,
"060024","Ceccano","JAN","popolazione al 1º gennaio","9","totale","TOTAL","totale","99","totale","2024","2024",22207,,
"056019","Celleno","JAN","popolazione al 1º gennaio","9","totale","TOTAL","totale","99","totale","2024","2024",1298,,
"056020","Cellere","JAN","popolazione al 1º gennaio","9","totale","TOTAL","totale","99","totale","2024","2024",1075,,
"058118","Ciampino","JAN","popolazione al 1º gennaio","9","totale","TOTAL","totale","99","totale","2024","2024",38670,,
"058030","Ciciliano","JAN","popolazione al 1º gennaio","9","totale","TOTAL","totale","99","totale","2024","2024",1253,,
"058031","Cineto Romano","JAN","popolazione al 1º gennaio","9","totale","TOTAL","totale","99","totale","2024","2024",583,,
"056025","Faleria","JAN","popolazione al 1º gennaio","9","totale","TOTAL","totale","99","totale","2024","2024",1995,,
"060032","Falvaterra","JAN","popolazione al 1º gennaio","9","totale","TOTAL","totale","99","totale","2024","2024",513,,
"057027","Fara in Sabina","JAN","popolazione al 1º gennaio","9","totale","TOTAL","totale","99","totale","2024","2024",13843,,
"056026","Farnese","JAN","popolazione al 1º gennaio","9","totale","TOTAL","totale","99","totale","2024","2024",1382,,
"060033","Ferentino","JAN","popolazione al 1º gennaio","9","totale","TOTAL","totale","99","totale","2024","2024",20048,,
"058036","Fiano Romano","JAN","popolazione al 1º gennaio","9","totale","TOTAL","totale","99","totale","2024","2024",16455,,
"060035","Fiuggi","JAN","popolazione al 1º gennaio","9","totale","TOTAL","totale","99","totale","2024","2024",10079,,
"058120","Fiumicino","JAN","popolazione al 1º gennaio","9","totale","TOTAL","totale","99","totale","2024","2024",82481,,
"059007","Fondi","JAN","popolazione al 1º gennaio","9","totale","TOTAL","totale","99","totale","2024","2024",39760,,
"060036","Fontana Liri","JAN","popolazione al 1º gennaio","9","totale","TOTAL","totale","99","totale","2024","2024",2684,,
"058122","Fonte Nuova","JAN","popolazione al 1º gennaio","9","totale","TOTAL","totale","99","totale","2024","2024",32719,,
"060037","Fontechiari","JAN","popolazione al 1º gennaio","9","totale","TOTAL","totale","99","totale","2024","2024",1225,,
"057029","Forano","JAN","popolazione al 1º gennaio","9","totale","TOTAL","totale","99","totale","2024","2024",3229,,
"058038","Formello","JAN","popolazione al 1º gennaio","9","totale","TOTAL","totale","99","totale","2024","2024",13790,,
"059008","Formia","JAN","popolazione al 1º gennaio","9","totale","TOTAL","totale","99","totale","2024","2024",36883,,
"058039","Frascati","JAN","popolazione al 1º gennaio","9","totale","TOTAL","totale","99","totale","2024","2024",22805,,
"057030","Frasso Sabino","JAN","popolazione al 1º gennaio","9","totale","TOTAL","totale","99","totale","2024","2024",754,,
"060039","Fumone","JAN","popolazione al 1º gennaio","9","totale","TOTAL","totale","99","totale","2024","2024",1951,,
"059009","Gaeta","JAN","popolazione al 1º gennaio","9","totale","TOTAL","totale","99","totale","2024","2024",19300,,
"056027","Gallese","JAN","popolazione al 1º gennaio","9","totale","TOTAL","totale","99","totale","2024","2024",2563,,
"058040","Gallicano nel Lazio","JAN","popolazione al 1º gennaio","9","totale","TOTAL","totale","99","totale","2024","2024",6505,,
"060040","Gallinaro","JAN","popolazione al 1º gennaio","9","totale","TOTAL","totale","99","totale","2024","2024",1182,,
"058041","Gavignano","JAN","popolazione al 1º gennaio","9","totale","TOTAL","totale","99","totale","2024","2024",1872,,
"058042","Genazzano","JAN","popolazione al 1º gennaio","9","totale","TOTAL","totale","99","totale","2024","2024",5711,,
"058043","Genzano di Roma","JAN","popolazione al 1º gennaio","9","totale","TOTAL","totale","99","totale","2024","2024",22674,,
"060041","Giuliano di Roma","JAN","popolazione al 1º gennaio","9","totale","TOTAL","totale","99","totale","2024","2024",2295,,
"058045","Gorga","JAN","popolazione al 1º gennaio","9","totale","TOTAL","totale","99","totale","2024","2024",655,,
"056028","Gradoli","JAN","popolazione al 1º gennaio","9","totale","TOTAL","totale","99","totale","2024","2024",1241,,
"056029","Graffignano","JAN","popolazione al 1º gennaio","9","totale","TOTAL","totale","99","totale","2024","2024",2090,,
"058046","Grottaferrata","JAN","popolazione al 1º gennaio","9","totale","TOTAL","totale","99","totale","2024","2024",20356,,
"056030","Grotte di Castro","JAN","popolazione al 1º gennaio","9","totale","TOTAL","totale","99","totale","2024","2024",2387,,
"060042","Guarcino","JAN","popolazione al 1º gennaio","9","totale","TOTAL","totale","99","totale","2024","2024",1506,,
"058047","Guidonia Montecelio","JAN","popolazione al 1º gennaio","9","totale","TOTAL","totale","99","totale","2024","2024",88992,,
"056031","Ischia di Castro","JAN","popolazione al 1º gennaio","9","totale","TOTAL","totale","99","totale","2024","2024",2096,,
"059010","Itri","JAN","popolazione al 1º gennaio","9","totale","TOTAL","totale","99","totale","2024","2024",10431,,
"058048","Jenne","JAN","popolazione al 1º gennaio","9","totale","TOTAL","totale","99","totale","2024","2024",320,,
"058049","Labico","JAN","popolazione al 1º gennaio","9","totale","TOTAL","totale","99","totale","2024","2024",6427,,
"057032","Labro","JAN","popolazione al 1º gennaio","9","totale","TOTAL","totale","99","totale","2024","2024",354,,
"058116","Ladispoli","JAN","popolazione al 1º gennaio","9","totale","TOTAL","totale","99","totale","2024","2024",40855,,
"058050","Lanuvio","JAN","popolazione al 1º gennaio","9","totale","TOTAL","totale","99","totale","2024","2024",12892,,
"058115","Lariano","JAN","popolazione al 1º gennaio","9","totale","TOTAL","totale","99","totale","2024","2024",13176,,
"056032","Latera","JAN","popolazione al 1º gennaio","9","totale","TOTAL","totale","99","totale","2024","2024",763,,
"059012","Lenola","JAN","popolazione al 1º gennaio","9","totale","TOTAL","totale","99","totale","2024","2024",4081,,
"057034","Longone Sabino","JAN","popolazione al 1º gennaio","9","totale","TOTAL","totale","99","totale","2024","2024",516,,
"056033","Lubriano","JAN","popolazione al 1º gennaio","9","totale","TOTAL","totale","99","totale","2024","2024",854,,
"058052","Magliano Romano","JAN","popolazione al 1º gennaio","9","totale","TOTAL","totale","99","totale","2024","2024",1375,,
"057035","Magliano Sabina","JAN","popolazione al 1º gennaio","9","totale","TOTAL","totale","99","totale","2024","2024",3459,,
"058044","Gerano","JAN","popolazione al 1º gennaio","9","totale","TOTAL","totale","99","totale","2024","2024",1143,,
"057031","Greccio","JAN","popolazione al 1º gennaio","9","totale","TOTAL","totale","99","totale","2024","2024",1465,,
"060043","Isola del Liri","JAN","popolazione al 1º gennaio","9","totale","TOTAL","totale","99","totale","2024","2024",10645,,
"057033","Leonessa","JAN","popolazione al 1º gennaio","9","totale","TOTAL","totale","99","totale","2024","2024",2085,,
"058051","Licenza","JAN","popolazione al 1º gennaio","9","totale","TOTAL","totale","99","totale","2024","2024",887,,
"059013","Maenza","JAN","popolazione al 1º gennaio","9","totale","TOTAL","totale","99","totale","2024","2024",2940,,
"058053","Mandela","JAN","popolazione al 1º gennaio","9","totale","TOTAL","totale","99","totale","2024","2024",904,,
"058054","Manziana","JAN","popolazione al 1º gennaio","9","totale","TOTAL","totale","99","totale","2024","2024",7739,,
"058055","Marano Equo","JAN","popolazione al 1º gennaio","9","totale","TOTAL","totale","99","totale","2024","2024",770,,
"058056","Marcellina","JAN","popolazione al 1º gennaio","9","totale","TOTAL","totale","99","totale","2024","2024",7008,,
"057036","Marcetelli","JAN","popolazione al 1º gennaio","9","totale","TOTAL","totale","99","totale","2024","2024",57,,
"058057","Marino","JAN","popolazione al 1º gennaio","9","totale","TOTAL","totale","99","totale","2024","2024",46404,,
"056034","Marta","JAN","popolazione al 1º gennaio","9","totale","TOTAL","totale","99","totale","2024","2024",3207,,
"058058","Mazzano Romano","JAN","popolazione al 1º gennaio","9","totale","TOTAL","totale","99","totale","2024","2024",2936,,
"058059","Mentana","JAN","popolazione al 1º gennaio","9","totale","TOTAL","totale","99","totale","2024","2024",22605,,
"057038","Mompeo","JAN","popolazione al 1º gennaio","9","totale","TOTAL","totale","99","totale","2024","2024",512,,
"056035","Montalto di Castro","JAN","popolazione al 1º gennaio","9","totale","TOTAL","totale","99","totale","2024","2024",8689,,
"057039","Montasola","JAN","popolazione al 1º gennaio","9","totale","TOTAL","totale","99","totale","2024","2024",392,,
"058060","Monte Compatri","JAN","popolazione al 1º gennaio","9","totale","TOTAL","totale","99","totale","2024","2024",11757,,
"058064","Monte Porzio Catone","JAN","popolazione al 1º gennaio","9","totale","TOTAL","totale","99","totale","2024","2024",8582,,
"056037","Monte Romano","JAN","popolazione al 1º gennaio","9","totale","TOTAL","totale","99","totale","2024","2024",1854,,
"059015","Monte San Biagio","JAN","popolazione al 1º gennaio","9","totale","TOTAL","totale","99","totale","2024","2024",6042,,
"060044","Monte San Giovanni Campano","JAN","popolazione al 1º gennaio","9","totale","TOTAL","totale","99","totale","2024","2024",11983,,
"057043","Monte San Giovanni in Sabina","JAN","popolazione al 1º gennaio","9","totale","TOTAL","totale","99","totale","2024","2024",647,,
"057040","Montebuono","JAN","popolazione al 1º gennaio","9","totale","TOTAL","totale","99","totale","2024","2024",801,,
"056036","Montefiascone","JAN","popolazione al 1º gennaio","9","totale","TOTAL","totale","99","totale","2024","2024",13008,,
"058061","Monteflavio","JAN","popolazione al 1º gennaio","9","totale","TOTAL","totale","99","totale","2024","2024",1144,,
"058062","Montelanico","JAN","popolazione al 1º gennaio","9","totale","TOTAL","totale","99","totale","2024","2024",2021,,
"058063","Montelibretti","JAN","popolazione al 1º gennaio","9","totale","TOTAL","totale","99","totale","2024","2024",5137,,
"056038","Monterosi","JAN","popolazione al 1º gennaio","9","totale","TOTAL","totale","99","totale","2024","2024",4759,,
"058065","Monterotondo","JAN","popolazione al 1º gennaio","9","totale","TOTAL","totale","99","totale","2024","2024",41125,,
"057044","Montopoli di Sabina","JAN","popolazione al 1º gennaio","9","totale","TOTAL","totale","99","totale","2024","2024",4066,,
"058066","Montorio Romano","JAN","popolazione al 1º gennaio","9","totale","TOTAL","totale","99","totale","2024","2024",1910,,
"059016","Norma","JAN","popolazione al 1º gennaio","9","totale","TOTAL","totale","99","totale","2024","2024",3679,,
"058073","Olevano Romano","JAN","popolazione al 1º gennaio","9","totale","TOTAL","totale","99","totale","2024","2024",6353,,
"056040","Onano","JAN","popolazione al 1º gennaio","9","totale","TOTAL","totale","99","totale","2024","2024",890,,
"056041","Oriolo Romano","JAN","popolazione al 1º gennaio","9","totale","TOTAL","totale","99","totale","2024","2024",3699,,
"056042","Orte","JAN","popolazione al 1º gennaio","9","totale","TOTAL","totale","99","totale","2024","2024",9087,,
"057047","Orvinio","JAN","popolazione al 1º gennaio","9","totale","TOTAL","totale","99","totale","2024","2024",392,,
"058074","Palestrina","JAN","popolazione al 1º gennaio","9","totale","TOTAL","totale","99","totale","2024","2024",22138,,
"057037","Micigliano","JAN","popolazione al 1º gennaio","9","totale","TOTAL","totale","99","totale","2024","2024",112,,
"059014","Minturno","JAN","popolazione al 1º gennaio","9","totale","TOTAL","totale","99","totale","2024","2024",20389,,
"057041","Monteleone Sabino","JAN","popolazione al 1º gennaio","9","totale","TOTAL","totale","99","totale","2024","2024",1154,,
"057042","Montenero Sabino","JAN","popolazione al 1º gennaio","9","totale","TOTAL","totale","99","totale","2024","2024",267,,
"058067","Moricone","JAN","popolazione al 1º gennaio","9","totale","TOTAL","totale","99","totale","2024","2024",2442,,
"058068","Morlupo","JAN","popolazione al 1º gennaio","9","totale","TOTAL","totale","99","totale","2024","2024",8476,,
"060045","Morolo","JAN","popolazione al 1º gennaio","9","totale","TOTAL","totale","99","totale","2024","2024",3164,,
"057045","Morro Reatino","JAN","popolazione al 1º gennaio","9","totale","TOTAL","totale","99","totale","2024","2024",340,,
"058069","Nazzano","JAN","popolazione al 1º gennaio","9","totale","TOTAL","totale","99","totale","2024","2024",1323,,
"058070","Nemi","JAN","popolazione al 1º gennaio","9","totale","TOTAL","totale","99","totale","2024","2024",1870,,
"056039","Nepi","JAN","popolazione al 1º gennaio","9","totale","TOTAL","totale","99","totale","2024","2024",9467,,
"058071","Nerola","JAN","popolazione al 1º gennaio","9","totale","TOTAL","totale","99","totale","2024","2024",1906,,
"057046","Nespolo","JAN","popolazione al 1º gennaio","9","totale","TOTAL","totale","99","totale","2024","2024",195,,
"058072","Nettuno","JAN","popolazione al 1º gennaio","9","totale","TOTAL","totale","99","totale","2024","2024",48237,,
"057048","Paganico Sabino","JAN","popolazione al 1º gennaio","9","totale","TOTAL","totale","99","totale","2024","2024",157,,
"060046","Paliano","JAN","popolazione al 1º gennaio","9","totale","TOTAL","totale","99","totale","2024","2024",7877,,
"058075","Palombara Sabina","JAN","popolazione al 1º gennaio","9","totale","TOTAL","totale","99","totale","2024","2024",12988,,
"060047","Pastena","JAN","popolazione al 1º gennaio","9","totale","TOTAL","totale","99","totale","2024","2024",1284,,
"060048","Patrica","JAN","popolazione al 1º gennaio","9","totale","TOTAL","totale","99","totale","2024","2024",3061,,
"058076","Percile","JAN","popolazione al 1º gennaio","9","totale","TOTAL","totale","99","totale","2024","2024",221,,
"057049","Pescorocchiano","JAN","popolazione al 1º gennaio","9","totale","TOTAL","totale","99","totale","2024","2024",1824,,
"060049","Pescosolido","JAN","popolazione al 1º gennaio","9","totale","TOTAL","totale","99","totale","2024","2024",1390,,
"056043","Piansano","JAN","popolazione al 1º gennaio","9","totale","TOTAL","totale","99","totale","2024","2024",1998,,
"060050","Picinisco","JAN","popolazione al 1º gennaio","9","totale","TOTAL","totale","99","totale","2024","2024",1098,,
"060051","Pico","JAN","popolazione al 1º gennaio","9","totale","TOTAL","totale","99","totale","2024","2024",2625,,
"060052","Piedimonte San Germano","JAN","popolazione al 1º gennaio","9","totale","TOTAL","totale","99","totale","2024","2024",6297,,
"060053","Piglio","JAN","popolazione al 1º gennaio","9","totale","TOTAL","totale","99","totale","2024","2024",4331,,
"060054","Pignataro Interamna","JAN","popolazione al 1º gennaio","9","totale","TOTAL","totale","99","totale","2024","2024",2403,,
"058077","Pisoniano","JAN","popolazione al 1º gennaio","9","totale","TOTAL","totale","99","totale","2024","2024",732,,
"060055","Pofi","JAN","popolazione al 1º gennaio","9","totale","TOTAL","totale","99","totale","2024","2024",3878,,
"057051","Poggio Bustone","JAN","popolazione al 1º gennaio","9","totale","TOTAL","totale","99","totale","2024","2024",1965,,
"057052","Poggio Catino","JAN","popolazione al 1º gennaio","9","totale","TOTAL","totale","99","totale","2024","2024",1275,,
"057053","Poggio Mirteto","JAN","popolazione al 1º gennaio","9","totale","TOTAL","totale","99","totale","2024","2024",6124,,
"057054","Poggio Moiano","JAN","popolazione al 1º gennaio","9","totale","TOTAL","totale","99","totale","2024","2024",2790,,
"057055","Poggio Nativo","JAN","popolazione al 1º gennaio","9","totale","TOTAL","totale","99","totale","2024","2024",2560,,
"057056","Poggio San Lorenzo","JAN","popolazione al 1º gennaio","9","totale","TOTAL","totale","99","totale","2024","2024",547,,
"058078","Poli","JAN","popolazione al 1º gennaio","9","totale","TOTAL","totale","99","totale","2024","2024",2208,,
"060056","Pontecorvo","JAN","popolazione al 1º gennaio","9","totale","TOTAL","totale","99","totale","2024","2024",12198,,
"059017","Pontinia","JAN","popolazione al 1º gennaio","9","totale","TOTAL","totale","99","totale","2024","2024",15080,,
"059018","Ponza","JAN","popolazione al 1º gennaio","9","totale","TOTAL","totale","99","totale","2024","2024",3311,,
"058080","Ponzano Romano","JAN","popolazione al 1º gennaio","9","totale","TOTAL","totale","99","totale","2024","2024",1245,,
"057057","Posta","JAN","popolazione al 1º gennaio","9","totale","TOTAL","totale","99","totale","2024","2024",554,,
"060057","Posta Fibreno","JAN","popolazione al 1º gennaio","9","totale","TOTAL","totale","99","totale","2024","2024",1027,,
"057058","Pozzaglia Sabina","JAN","popolazione al 1º gennaio","9","totale","TOTAL","totale","99","totale","2024","2024",310,,
"059019","Priverno","JAN","popolazione al 1º gennaio","9","totale","TOTAL","totale","99","totale","2024","2024",13775,,
"056044","Proceno","JAN","popolazione al 1º gennaio","9","totale","TOTAL","totale","99","totale","2024","2024",530,,
"059020","Prossedi","JAN","popolazione al 1º gennaio","9","totale","TOTAL","totale","99","totale","2024","2024",1141,,
"060058","Ripi","JAN","popolazione al 1º gennaio","9","totale","TOTAL","totale","99","totale","2024","2024",5031,,
"057060","Rivodutri","JAN","popolazione al 1º gennaio","9","totale","TOTAL","totale","99","totale","2024","2024",1137,,
"058084","Rocca Canterano","JAN","popolazione al 1º gennaio","9","totale","TOTAL","totale","99","totale","2024","2024",171,,
"060059","Rocca d'Arce","JAN","popolazione al 1º gennaio","9","totale","TOTAL","totale","99","totale","2024","2024",872,,
"058085","Rocca di Cave","JAN","popolazione al 1º gennaio","9","totale","TOTAL","totale","99","totale","2024","2024",360,,
"058086","Rocca di Papa","JAN","popolazione al 1º gennaio","9","totale","TOTAL","totale","99","totale","2024","2024",17648,,
"059022","Rocca Massima","JAN","popolazione al 1º gennaio","9","totale","TOTAL","totale","99","totale","2024","2024",1081,,
"058088","Rocca Priora","JAN","popolazione al 1º gennaio","9","totale","TOTAL","totale","99","totale","2024","2024",12023,,
"058089","Rocca Santo Stefano","JAN","popolazione al 1º gennaio","9","totale","TOTAL","totale","99","totale","2024","2024",912,,
"057062","Rocca Sinibalda","JAN","popolazione al 1º gennaio","9","totale","TOTAL","totale","99","totale","2024","2024",779,,
"058090","Roiate","JAN","popolazione al 1º gennaio","9","totale","TOTAL","totale","99","totale","2024","2024",634,,
"056045","Ronciglione","JAN","popolazione al 1º gennaio","9","totale","TOTAL","totale","99","totale","2024","2024",8429,,
"060061","San Biagio Saracinisco","JAN","popolazione al 1º gennaio","9","totale","TOTAL","totale","99","totale","2024","2024",297,,
"057050","Petrella Salto","JAN","popolazione al 1º gennaio","9","totale","TOTAL","totale","99","totale","2024","2024",1025,,
"058079","Pomezia","JAN","popolazione al 1º gennaio","9","totale","TOTAL","totale","99","totale","2024","2024",64451,,
"058081","Riano","JAN","popolazione al 1º gennaio","9","totale","TOTAL","totale","99","totale","2024","2024",10417,,
"058082","Rignano Flaminio","JAN","popolazione al 1º gennaio","9","totale","TOTAL","totale","99","totale","2024","2024",10083,,
"058083","Riofreddo","JAN","popolazione al 1º gennaio","9","totale","TOTAL","totale","99","totale","2024","2024",754,,
"058087","Roccagiovine","JAN","popolazione al 1º gennaio","9","totale","TOTAL","totale","99","totale","2024","2024",243,,
"059021","Roccagorga","JAN","popolazione al 1º gennaio","9","totale","TOTAL","totale","99","totale","2024","2024",4139,,
"057061","Roccantica","JAN","popolazione al 1º gennaio","9","totale","TOTAL","totale","99","totale","2024","2024",542,,
"060060","Roccasecca","JAN","popolazione al 1º gennaio","9","totale","TOTAL","totale","99","totale","2024","2024",6754,,
"059023","Roccasecca dei Volsci","JAN","popolazione al 1º gennaio","9","totale","TOTAL","totale","99","totale","2024","2024",1051,,
"058092","Roviano","JAN","popolazione al 1º gennaio","9","totale","TOTAL","totale","99","totale","2024","2024",1229,,
"059024","Sabaudia","JAN","popolazione al 1º gennaio","9","totale","TOTAL","totale","99","totale","2024","2024",19431,,
"058093","Sacrofano","JAN","popolazione al 1º gennaio","9","totale","TOTAL","totale","99","totale","2024","2024",7403,,
"057063","Salisano","JAN","popolazione al 1º gennaio","9","totale","TOTAL","totale","99","totale","2024","2024",477,,
"058094","Sambuci","JAN","popolazione al 1º gennaio","9","totale","TOTAL","totale","99","totale","2024","2024",828,,
"058119","San Cesareo","JAN","popolazione al 1º gennaio","9","totale","TOTAL","totale","99","totale","2024","2024",16223,,
"060062","San Donato Val di Comino","JAN","popolazione al 1º gennaio","9","totale","TOTAL","totale","99","totale","2024","2024",1860,,
"059025","San Felice Circeo","JAN","popolazione al 1º gennaio","9","totale","TOTAL","totale","99","totale","2024","2024",10146,,
"060063","San Giorgio a Liri","JAN","popolazione al 1º gennaio","9","totale","TOTAL","totale","99","totale","2024","2024",2959,,
"060064","San Giovanni Incarico","JAN","popolazione al 1º gennaio","9","totale","TOTAL","totale","99","totale","2024","2024",3055,,
"058095","San Gregorio da Sassola","JAN","popolazione al 1º gennaio","9","totale","TOTAL","totale","99","totale","2024","2024",1422,,
"056047","San Lorenzo Nuovo","JAN","popolazione al 1º gennaio","9","totale","TOTAL","totale","99","totale","2024","2024",2017,,
"058096","San Polo dei Cavalieri","JAN","popolazione al 1º gennaio","9","totale","TOTAL","totale","99","totale","2024","2024",2762,,
"058100","San Vito Romano","JAN","popolazione al 1º gennaio","9","totale","TOTAL","totale","99","totale","2024","2024",3035,,
"060070","San Vittore del Lazio","JAN","popolazione al 1º gennaio","9","totale","TOTAL","totale","99","totale","2024","2024",2360,,
"060069","Santopadre","JAN","popolazione al 1º gennaio","9","totale","TOTAL","totale","99","totale","2024","2024",1180,,
"058099","Sant'Oreste","JAN","popolazione al 1º gennaio","9","totale","TOTAL","totale","99","totale","2024","2024",3435,,
"058101","Saracinesco","JAN","popolazione al 1º gennaio","9","totale","TOTAL","totale","99","totale","2024","2024",172,,
"057064","Scandriglia","JAN","popolazione al 1º gennaio","9","totale","TOTAL","totale","99","totale","2024","2024",3227,,
"058102","Segni","JAN","popolazione al 1º gennaio","9","totale","TOTAL","totale","99","totale","2024","2024",8976,,
"057065","Selci","JAN","popolazione al 1º gennaio","9","totale","TOTAL","totale","99","totale","2024","2024",1135,,
"059027","Sermoneta","JAN","popolazione al 1º gennaio","9","totale","TOTAL","totale","99","totale","2024","2024",9994,,
"060076","Supino","JAN","popolazione al 1º gennaio","9","totale","TOTAL","totale","99","totale","2024","2024",4600,,
"056049","Sutri","JAN","popolazione al 1º gennaio","9","totale","TOTAL","totale","99","totale","2024","2024",6738,,
"057067","Tarano","JAN","popolazione al 1º gennaio","9","totale","TOTAL","totale","99","totale","2024","2024",1366,,
"056050","Tarquinia","JAN","popolazione al 1º gennaio","9","totale","TOTAL","totale","99","totale","2024","2024",15953,,
"056051","Tessennano","JAN","popolazione al 1º gennaio","9","totale","TOTAL","totale","99","totale","2024","2024",288,,
"058104","Tivoli","JAN","popolazione al 1º gennaio","9","totale","TOTAL","totale","99","totale","2024","2024",55061,,
"057068","Toffia","JAN","popolazione al 1º gennaio","9","totale","TOTAL","totale","99","totale","2024","2024",1071,,
"058105","Tolfa","JAN","popolazione al 1º gennaio","9","totale","TOTAL","totale","99","totale","2024","2024",4718,,
"060083","Vallemaio","JAN","popolazione al 1º gennaio","9","totale","TOTAL","totale","99","totale","2024","2024",895,,
"058108","Vallepietra","JAN","popolazione al 1º gennaio","9","totale","TOTAL","totale","99","totale","2024","2024",232,,
"056054","Vallerano","JAN","popolazione al 1º gennaio","9","totale","TOTAL","totale","99","totale","2024","2024",2397,,
"060084","Vallerotonda","JAN","popolazione al 1º gennaio","9","totale","TOTAL","totale","99","totale","2024","2024",1391,,
"059005","Cisterna di Latina","JAN","popolazione al 1º gennaio","9","totale","TOTAL","totale","99","totale","2024","2024",36213,,
"057016","Cittaducale","JAN","popolazione al 1º gennaio","9","totale","TOTAL","totale","99","totale","2024","2024",6411,,
"057017","Cittareale","JAN","popolazione al 1º gennaio","9","totale","TOTAL","totale","99","totale","2024","2024",388,,
"058097","Santa Marinella","JAN","popolazione al 1º gennaio","9","totale","TOTAL","totale","99","totale","2024","2024",18446,,
"060065","Sant'Ambrogio sul Garigliano","JAN","popolazione al 1º gennaio","9","totale","TOTAL","totale","99","totale","2024","2024",872,,
"060066","Sant'Andrea del Garigliano","JAN","popolazione al 1º gennaio","9","totale","TOTAL","totale","99","totale","2024","2024",1265,,
"058098","Sant'Angelo Romano","JAN","popolazione al 1º gennaio","9","totale","TOTAL","totale","99","totale","2024","2024",4982,,
"060067","Sant'Apollinare","JAN","popolazione al 1º gennaio","9","totale","TOTAL","totale","99","totale","2024","2024",1811,,
"060068","Sant'Elia Fiumerapido","JAN","popolazione al 1º gennaio","9","totale","TOTAL","totale","99","totale","2024","2024",5654,,
"059026","Santi Cosma e Damiano","JAN","popolazione al 1º gennaio","9","totale","TOTAL","totale","99","totale","2024","2024",6843,,
"060071","Serrone","JAN","popolazione al 1º gennaio","9","totale","TOTAL","totale","99","totale","2024","2024",2954,,
"060072","Settefrati","JAN","popolazione al 1º gennaio","9","totale","TOTAL","totale","99","totale","2024","2024",718,,
"059028","Sezze","JAN","popolazione al 1º gennaio","9","totale","TOTAL","totale","99","totale","2024","2024",23753,,
"060073","Sgurgola","JAN","popolazione al 1º gennaio","9","totale","TOTAL","totale","99","totale","2024","2024",2361,,
"059029","Sonnino","JAN","popolazione al 1º gennaio","9","totale","TOTAL","totale","99","totale","2024","2024",7367,,
"060074","Sora","JAN","popolazione al 1º gennaio","9","totale","TOTAL","totale","99","totale","2024","2024",24811,,
"056048","Soriano nel Cimino","JAN","popolazione al 1º gennaio","9","totale","TOTAL","totale","99","totale","2024","2024",7909,,
"059030","Sperlonga","JAN","popolazione al 1º gennaio","9","totale","TOTAL","totale","99","totale","2024","2024",3042,,
"059031","Spigno Saturnia","JAN","popolazione al 1º gennaio","9","totale","TOTAL","totale","99","totale","2024","2024",2856,,
"057066","Stimigliano","JAN","popolazione al 1º gennaio","9","totale","TOTAL","totale","99","totale","2024","2024",2178,,
"060075","Strangolagalli","JAN","popolazione al 1º gennaio","9","totale","TOTAL","totale","99","totale","2024","2024",2274,,
"060077","Terelle","JAN","popolazione al 1º gennaio","9","totale","TOTAL","totale","99","totale","2024","2024",285,,
"059032","Terracina","JAN","popolazione al 1º gennaio","9","totale","TOTAL","totale","99","totale","2024","2024",44684,,
"060078","Torre Cajetani","JAN","popolazione al 1º gennaio","9","totale","TOTAL","totale","99","totale","2024","2024",1297,,
"057070","Torri in Sabina","JAN","popolazione al 1º gennaio","9","totale","TOTAL","totale","99","totale","2024","2024",1220,,
"060079","Torrice","JAN","popolazione al 1º gennaio","9","totale","TOTAL","totale","99","totale","2024","2024",4675,,
"057069","Torricella in Sabina","JAN","popolazione al 1º gennaio","9","totale","TOTAL","totale","99","totale","2024","2024",1285,,
"058106","Torrita Tiberina","JAN","popolazione al 1º gennaio","9","totale","TOTAL","totale","99","totale","2024","2024",1090,,
"060080","Trevi nel Lazio","JAN","popolazione al 1º gennaio","9","totale","TOTAL","totale","99","totale","2024","2024",1720,,
"058107","Trevignano Romano","JAN","popolazione al 1º gennaio","9","totale","TOTAL","totale","99","totale","2024","2024",5807,,
"060081","Trivigliano","JAN","popolazione al 1º gennaio","9","totale","TOTAL","totale","99","totale","2024","2024",1611,,
"057071","Turania","JAN","popolazione al 1º gennaio","9","totale","TOTAL","totale","99","totale","2024","2024",237,,
"056052","Tuscania","JAN","popolazione al 1º gennaio","9","totale","TOTAL","totale","99","totale","2024","2024",8189,,
"057072","Vacone","JAN","popolazione al 1º gennaio","9","totale","TOTAL","totale","99","totale","2024","2024",233,,
"056053","Valentano","JAN","popolazione al 1º gennaio","9","totale","TOTAL","totale","99","totale","2024","2024",2789,,
"060082","Vallecorsa","JAN","popolazione al 1º gennaio","9","totale","TOTAL","totale","99","totale","2024","2024",2395,,
"058109","Vallinfreda","JAN","popolazione al 1º gennaio","9","totale","TOTAL","totale","99","totale","2024","2024",272,,
"058110","Valmontone","JAN","popolazione al 1º gennaio","9","totale","TOTAL","totale","99","totale","2024","2024",15697,,
"057073","Varco Sabino","JAN","popolazione al 1º gennaio","9","totale","TOTAL","totale","99","totale","2024","2024",160,,
"056055","Vasanello","JAN","popolazione al 1º gennaio","9","totale","TOTAL","totale","99","totale","2024","2024",3985,,
"056056","Vejano","JAN","popolazione al 1º gennaio","9","totale","TOTAL","totale","99","totale","2024","2024",2142,,
"058111","Velletri","JAN","popolazione al 1º gennaio","9","totale","TOTAL","totale","99","totale","2024","2024",52862,,
"059033","Ventotene","JAN","popolazione al 1º gennaio","9","totale","TOTAL","totale","99","totale","2024","2024",689,,
"060085","Veroli","JAN","popolazione al 1º gennaio","9","totale","TOTAL","totale","99","totale","2024","2024",19543,,
"056057","Vetralla","JAN","popolazione al 1º gennaio","9","totale","TOTAL","totale","99","totale","2024","2024",13351,,
"060086","Vicalvi","JAN","popolazione al 1º gennaio","9","totale","TOTAL","totale","99","totale","2024","2024",717,,
"060087","Vico nel Lazio","JAN","popolazione al 1º gennaio","9","totale","TOTAL","totale","99","totale","2024","2024",2068,,
"058112","Vicovaro","JAN","popolazione al 1º gennaio","9","totale","TOTAL","totale","99","totale","2024","2024",3533,,
"056058","Vignanello","JAN","popolazione al 1º gennaio","9","totale","TOTAL","totale","99","totale","2024","2024",4293,,
"060088","Villa Latina","JAN","popolazione al 1º gennaio","9","totale","TOTAL","totale","99","totale","2024","2024",1142,,
"056046","Villa San Giovanni in Tuscia","JAN","popolazione al 1º gennaio","9","totale","TOTAL","totale","99","totale","2024","2024",1223,,
"060089","Villa Santa Lucia","JAN","popolazione al 1º gennaio","9","totale","TOTAL","totale","99","totale","2024","2024",2472,,
"060090","Villa Santo Stefano","JAN","popolazione al 1º gennaio","9","totale","TOTAL","totale","99","totale","2024","2024",1598,,
"060091","Viticuso","JAN","popolazione al 1º gennaio","9","totale","TOTAL","totale","99","totale","2024","2024",296,,
"056060","Vitorchiano","JAN","popolazione al 1º gennaio","9","totale","TOTAL","totale","99","totale","2024","2024",5256,,
"058114","Zagarolo","JAN","popolazione al 1º gennaio","9","totale","TOTAL","totale","99","totale","2024","2024",18645,,
"058103","Subiaco","JAN","popolazione al 1º gennaio","9","totale","TOTAL","totale","99","totale","2024","2024",8524,,
"058113","Vivaro Romano","JAN","popolazione al 1º gennaio","9","totale","TOTAL","totale","99","totale","2024","2024",152,,
"056021","Civita Castellana","JAN","popolazione al 1º gennaio","9","totale","TOTAL","totale","99","totale","2024","2024",15143,,
"058032","Civitavecchia","JAN","popolazione al 1º gennaio","9","totale","TOTAL","totale","99","totale","2024","2024",51697,,
"056022","Civitella d'Agliano","JAN","popolazione al 1º gennaio","9","totale","TOTAL","totale","99","totale","2024","2024",1450,,
"058033","Civitella San Paolo","JAN","popolazione al 1º gennaio","9","totale","TOTAL","totale","99","totale","2024","2024",2011,,
"060027","Colfelice","JAN","popolazione al 1º gennaio","9","totale","TOTAL","totale","99","totale","2024","2024",1783,,
"057018","Collalto Sabino","JAN","popolazione al 1º gennaio","9","totale","TOTAL","totale","99","totale","2024","2024",382,,
"057019","Colle di Tora","JAN","popolazione al 1º gennaio","9","totale","TOTAL","totale","99","totale","2024","2024",367,,
"060029","Colle San Magno","JAN","popolazione al 1º gennaio","9","totale","TOTAL","totale","99","totale","2024","2024",615,,
"058034","Colleferro","JAN","popolazione al 1º gennaio","9","totale","TOTAL","totale","99","totale","2024","2024",20454,,
"057020","Collegiove","JAN","popolazione al 1º gennaio","9","totale","TOTAL","totale","99","totale","2024","2024",125,,
"060028","Collepardo","JAN","popolazione al 1º gennaio","9","totale","TOTAL","totale","99","totale","2024","2024",879,,
"057021","Collevecchio","JAN","popolazione al 1º gennaio","9","totale","TOTAL","totale","99","totale","2024","2024",1589,,
